Workbook

Sheet ORDERS
A1: Order ID | B1: Product ID | C1: Quantity | D1: City | E1: Salesperson | F1: Product Name | G1: Category | H1: Price | I1: Total Sales
A2: 1001 | B2: P002 | C2: 1 | D2: Jaipur | E2: Priya | F2: =VLOOKUP(B2,'PRODUCT MASTER1'!$A$1:$D$11,2) -> Phone | G2: =VLOOKUP(B2,'PRODUCT MASTER1'!$A$1:$D$11,3) -> Electronics | H2: =VLOOKUP(B2,'PRODUCT MASTER1'!$A$1:$D$11,4) -> 35000 | I2: =C2*H2 -> 35000
A3: 1002 | B3: P004 | C3: 3 | D3: Delhi | E3: Sneha | F3: =VLOOKUP(B3,'PRODUCT MASTER1'!$A$1:$D$11,2) -> Refrigerator | G3: =VLOOKUP(B3,'PRODUCT MASTER1'!$A$1:$D$11,3) -> Home Appliances | H3: =VLOOKUP(B3,'PRODUCT MASTER1'!$A$1:$D$11,4) -> 42000 | I3: =C3*H3 -> 126000
A4: 1003 | B4: P009 | C4: 2 | D4: Hyderabad | E4: Neha | F4: =VLOOKUP(B4,'PRODUCT MASTER1'!$A$1:$D$11,2) -> Microwave | G4: =VLOOKUP(B4,'PRODUCT MASTER1'!$A$1:$D$11,3) -> Home Appliances | H4: =VLOOKUP(B4,'PRODUCT MASTER1'!$A$1:$D$11,4) -> 15000 | I4: =C4*H4 -> 30000
A5: 1004 | B5: P005 | C5: 1 | D5: Delhi | E5: Priya | F5: =VLOOKUP(B5,'PRODUCT MASTER1'!$A$1:$D$11,2) -> Shoes | G5: =VLOOKUP(B5,'PRODUCT MASTER1'!$A$1:$D$11,3) -> Fashion | H5: =VLOOKUP(B5,'PRODUCT MASTER1'!$A$1:$D$11,4) -> 2500 | I5: =C5*H5 -> 2500
A6: 1005 | B6: P004 | C6: 1 | D6: Hyderabad | E6: Priya | F6: =VLOOKUP(B6,'PRODUCT MASTER1'!$A$1:$D$11,2) -> Refrigerator | G6: =VLOOKUP(B6,'PRODUCT MASTER1'!$A$1:$D$11,3) -> Home Appliances | H6: =VLOOKUP(B6,'PRODUCT MASTER1'!$A$1:$D$11,4) -> 42000 | I6: =C6*H6 -> 42000
A7: 1006 | B7: P009 | C7: 7 | D7: Mumbai | E7: Neha | F7: =VLOOKUP(B7,'PRODUCT MASTER1'!$A$1:$D$11,2) -> Microwave | G7: =VLOOKUP(B7,'PRODUCT MASTER1'!$A$1:$D$11,3) -> Home Appliances | H7: =VLOOKUP(B7,'PRODUCT MASTER1'!$A$1:$D$11,4) -> 15000 | I7: =C7*H7 -> 105000
A8: 1007 | B8: P010 | C8: 5 | D8: Delhi | E8: Priya | F8: =VLOOKUP(B8,'PRODUCT MASTER1'!$A$1:$D$11,2) -> Tablet | G8: =VLOOKUP(B8,'PRODUCT MASTER1'!$A$1:$D$11,3) -> Electronics | H8: =VLOOKUP(B8,'PRODUCT MASTER1'!$A$1:$D$11,4) -> 28000 | I8: =C8*H8 -> 140000
A9: 1008 | B9: P007 | C9: 6 | D9: Jaipur | E9: Priya | F9: =VLOOKUP(B9,'PRODUCT MASTER1'!$A$1:$D$11,2) -> Bag | G9: =VLOOKUP(B9,'PRODUCT MASTER1'!$A$1:$D$11,3) -> Accessories | H9: =VLOOKUP(B9,'PRODUCT MASTER1'!$A$1:$D$11,4) -> 1800 | I9: =C9*H9 -> 10800
A10: 1009 | B10: P004 | C10: 6 | D10: Delhi | E10: Rahul | F10: =VLOOKUP(B10,'PRODUCT MASTER1'!$A$1:$D$11,2) -> Refrigerator | G10: =VLOOKUP(B10,'PRODUCT MASTER1'!$A$1:$D$11,3) -> Home Appliances | H10: =VLOOKUP(B10,'PRODUCT MASTER1'!$A$1:$D$11,4) -> 42000 | I10: =C10*H10 -> 252000
A11: 1010 | B11: P007 | C11: 2 | D11: Jaipur | E11: Aman | F11: =VLOOKUP(B11,'PRODUCT MASTER1'!$A$1:$D$11,2) -> Bag | G11: =VLOOKUP(B11,'PRODUCT MASTER1'!$A$1:$D$11,3) -> Accessories | H11: =VLOOKUP(B11,'PRODUCT MASTER1'!$A$1:$D$11,4) -> 1800 | I11: =C11*H11 -> 3600
A12: 1011 | B12: P010 | C12: 5 | D12: Delhi | E12: Sneha | F12: =VLOOKUP(B12,'PRODUCT MASTER1'!$A$1:$D$11,2) -> Tablet | G12: =VLOOKUP(B12,'PRODUCT MASTER1'!$A$1:$D$11,3) -> Electronics | H12: =VLOOKUP(B12,'PRODUCT MASTER1'!$A$1:$D$11,4) -> 28000 | I12: =C12*H12 -> 140000
A13: 1012 | B13: P008 | C13: 2 | D13: Bengaluru | E13: Rahul | F13: =VLOOKUP(B13,'PRODUCT MASTER1'!$A$1:$D$11,2) -> Watch | G13: =VLOOKUP(B13,'PRODUCT MASTER1'!$A$1:$D$11,3) -> Accessories | H13: =VLOOKUP(B13,'PRODUCT MASTER1'!$A$1:$D$11,4) -> 6000 | I13: =C13*H13 -> 12000
... A101: 1100 | B101: P003 | C101: 2 | D101: Bengaluru | E101: Rahul | F101: =VLOOKUP(B101,'PRODUCT MASTER1'!$A$1:$D$11,2) -> Headphones | G101: =VLOOKUP(B101,'PRODUCT MASTER1'!$A$1:$D$11,3) -> Electronics | H101: =VLOOKUP(B101,'PRODUCT MASTER1'!$A$1:$D$11,4) -> 3000 | I101: =C101*H101 -> 6000
A103: TASK-1 ) ADDED PRODUCT NAME, CATEGORY AND PRICE IN THE ORDERS WORKSHEET USING VLOOKUP
A105: TASK-2) ADDED TOTAL SALES COLUMN
A107: TASK-3) | B107: Use SUMIFS to calculate:
B109: Total Sales from Delhi | E109: =SUMIF(D:D,"Delhi",I:I) -> 2353300
B110: Total Sales of Electronics | E110: =SUMIF(G:G,"Electronics",I:I) -> 4493000
B111: Total Sales by Rahul | E111: 1922000
A113: TASK-4) | B113: Use COUNTIFS to find:
B115: Electronics orders in Delhi | E115: =COUNTIFS(G:G,"Electronics", D:D, "Delhi") -> 8
B116: Orders handled by Priya in Mumbai | E116: =COUNTIFS(E2:E101,"Priya", D2:D101, "Mumbai") -> 2
A118: TASK-5) | B118: Created an Insights sheet with at least 5 business insights.
B120: SALESPERSON | C120: SALES | E120: CATEGORY | F120: SALES | H120: CITY | I120: ORDERS
B121: Rahul | C121: =SUMIF(E2:E101, "Rahul",I2:I101) -> 1922000 | E121: Electronics | F121: =SUMIF(G:G, "Electronics",I:I) -> 4493000 | H121: Delhi | I121: =COUNTIF(D:D,"Delhi") -> 27
B122: Priya | C122: =SUMIF(E3:E102, "Priya",I3:I102) -> 1710900 | E122: Home Appliances | F122: =SUMIF(G:G, "Home Appliances",I:I) -> 3588000 | H122: Mumbai | I122: =COUNTIF(D:D,"Mumbai") -> 19
B123: Sneha | C123: =SUMIF(E4:E103, "Sneha",I4:I103) -> 1090300 | E123: Fashion | F123: =SUMIF(G:G, "Fashion",I:I) -> 115000 | H123: Bengaluru | I123: =COUNTIF(D:D,"Bengaluru") -> 13
B124: Aman | C124: =SUMIF(E5:E104, "Aman",I5:I104) -> 1316900 | E124: Accessories | F124: =SUMIF(G:G, "Accessories",I:I) -> 213000 | H124: Jaipur | I124: =COUNTIF(D:D,"Jaipur") -> 20
B125: Karan | C125: =SUMIF(E6:E105, "Karan",I6:I105) -> 722000 | H125: Hyderabad | I125: =COUNTIF(D:D,"Hyderabad") -> 21
B127: BEST SALESPERSON IS PRIYA | E127: HIGHEST SELLING CATEGORY IS ELECTRONICS | H127: HIGHEST SALES ARE IN DELHI
B128: KARAN NEEDS IMPROVEMENT | E128: LOWEST SELLING CATEGORY IS FASION | H128: LOWEST SALES ARE IN BENGALURU

Sheet PRODUCT MASTER1
A1: Product ID | B1: Product Name | C1: Category | D1: Price
A2: P001 | B2: Laptop | C2: Electronics | D2: 65000
A3: P002 | B3: Phone | C3: Electronics | D3: 35000
A4: P003 | B4: Headphones | C4: Electronics | D4: 3000
A5: P004 | B5: Refrigerator | C5: Home Appliances | D5: 42000
A6: P005 | B6: Shoes | C6: Fashion | D6: 2500
A7: P006 | B7: Television | C7: Electronics | D7: 45000
A8: P007 | B8: Bag | C8: Accessories | D8: 1800
A9: P008 | B9: Watch | C9: Accessories | D9: 6000
A10: P009 | B10: Microwave | C10: Home Appliances | D10: 15000
A11: P010 | B11: Tablet | C11: Electronics | D11: 28000

Sheet DASHBOARD
B3: ORDERS IN EACH CITY | J3: PIE CHART VIEW OF SALES CONTRIBUTUON OF DIFFERENT CATEGORIES
B23: SALES DONE BY SALESPERSONS
